'Bolt hex head 1/2 in x 40mm, with nut and washers, NO ORDER NUMBER - this row is a hole in the BOM',  4
'Plate mild steel 1-3/4 in, blank 54mm x 76mm, faced to 44.45mm',  1
'Plate mild steel 1-3/4 in, blank 58mm x 76mm, faced to 44.45mm',  1
'Plate mild steel 1-3/4 in, blank 229mm x 191mm, faced to 44.45mm',  1
'Pin clevis 5/16 in dia x 84mm, NO ORDER NUMBER - this row is a hole in the BOM',  2
'Pin clevis 5/8 in dia x 63mm, NO ORDER NUMBER - this row is a hole in the BOM',  2
'Pin clevis 3/4 in dia x 91mm, 98306A868',  1
'Pin clevis 7/8 in dia x 84mm, NO ORDER NUMBER - this row is a hole in the BOM',  1
'Pin clevis 1-1/8 in dia x 91mm, NO ORDER NUMBER - this row is a hole in the BOM',  1
'Plate mild steel 1/4 in, blank 2034mm x 87mm',  2
'Plate mild steel 1/4 in, blank 229mm x 191mm',  2
'Plate mild steel 1/4 in, blank 240mm x 211mm',  2
'Plate mild steel 3/8 in, blank 171mm x 171mm',  1
'Plate mild steel 3/8 in, blank 283mm x 174mm',  1
'Tube 1/2 in OD x 0.065 in wall, mild steel, length 58mm',  2
'Tube 2-1/4 in OD x 0.120 in wall, mild steel, length 898mm',  1
'Tube 1-1/2 in OD x 0.095 in wall, ASTM A513 Type 1 ERW mild steel, as-welded, length 600mm',  1
